class,precision,recall,f1_score,support
Bad,0.743455497382199,0.7634408602150538,0.753315649867374,186
Good,0.7894736842105263,0.7710280373831776,0.7801418439716312,214
